{
  "model": {
    "type": "select",
    "property": "custom_model_data",
    "fallback": {
      "type": "model",
      "model": "item/wheat_seeds"
    },
    "cases": [
      {
        "when": "1",
        "model": {
          "type": "model",
          "model": "item/rev"
        }
      },
      {
        "when": "2",
        "model": {
          "type": "model",
          "model": "item/rev"
        }
      },
      {
        "when": "3",
        "model": {
          "type": "model",
          "model": "item/rev"
        }
      },
      {
        "when": "admin",
        "model": {
          "type": "model",
          "model": "item/rev"
        }
      }
    ]
  }
}