{
  "custom.1kill": {
    "sounds": [{ "name": "custom/1kill" }]
  }, 
  "custom.2kills": {
    "sounds": [{ "name": "custom/2kills" }]
  }, 
  "custom.3kills": {
    "sounds": [{ "name": "custom/3kills" }]
  }, 
  "custom.4kills": {
    "sounds": [{ "name": "custom/4kills" }]
  }, 
  "custom.5kills": {
    "sounds": [{ "name": "custom/5kills" }]
  }, 
  "custom.spikedefuse": {
    "sounds": [{ "name": "custom/spikedefuse" }]
  }, 
  "custom.spikedetonation": {
    "sounds": [{ "name": "custom/spikedetonation" }]
  }, 
  "custom.loading-start": {
    "sounds": [{ "name": "custom/loading-start" }]
  }, 
  "custom.start-ping": {
    "sounds": [{ "name": "custom/start-ping" }]
  }
}
  