{
    "providers": [
        {
            "type": "bitmap",
            "file": "minecraft:custom_icons/clock.png",
            "ascent": 11,
            "height": 11,
            "chars": ["\uE001"]
        },
        {
            "type": "bitmap",
            "file": "minecraft:custom_icons/island.png",
            "ascent": 11,
            "height": 11,
            "chars": ["\uE002"]
        },
        {
            "type": "bitmap",
            "file": "minecraft:custom_icons/money.png",
            "ascent": 11,
            "height": 11,
            "chars": ["\uE003"]
        },
        {
            "type": "bitmap",
            "file": "minecraft:custom_icons/worldfile.png",
            "ascent": 22,
            "height": 22,
            "chars": ["🌍"]
        }
    ]
}