{
	"credit": "Made with Blockbench",
	"parent": "item/generated",
	"textures": {
		"layer0": "item/phonix_ability"
	},
	"elements": [
		{
			"from": [5, 0, 7],
			"to": [11, 3, 8],
			"rotation": { "angle": 0, "axis": "y", "origin": [7, 0, 7] },
			"faces": {
				"north": { "uv": [0, 0, 6, 3], "texture": "#layer0" },
				"east": { "uv": [6, 1, 7, 4], "texture": "#layer0" },
				"south": { "uv": [0, 3, 6, 6], "texture": "#layer0" },
				"west": { "uv": [6, 4, 7, 7], "texture": "#layer0" },
				"up": { "uv": [6, 7, 0, 6], "texture": "#layer0" },
				"down": { "uv": [12, 0, 6, 1], "texture": "#layer0" }
			}
		}
	],
	"display": {
		"thirdperson_righthand": {
			"rotation": [180, -1, 0],
			"translation": [0, -4.75, 0]
		},
		"firstperson_righthand": {
			"translation": [0, 11.75, 0]
		},
		"firstperson_lefthand": {
			"translation": [0, 7, 0]
		},
		"ground": {
			"translation": [0, 5.75, 1.75]
		},
		"gui": {
			"translation": [0, 16.75, 0],
			"scale": [2.5, 2.5, 2.5]
		},
		"head": {
			"rotation": [90, 0, 0],
			"translation": [0, 6.25, 27.5],
			"scale": [4, 4, 4]
		},
		"fixed": {
			"translation": [0, 6.75, 0]
		}
	}
}
